monthid,method,spot,districtid
4,neighborhood,cold,101
5,neighborhood,cold,101
6,neighborhood,cold,101
2,neighborhood,hot,102
2,state,hot,102
3,neighborhood,hot,102
3,state,hot,102
4,neighborhood,hot,102
4,state,hot,102
5,neighborhood,hot,102
5,state,hot,102
6,neighborhood,hot,102
6,state,hot,102
2,neighborhood,hot,103
2,state,hot,103
3,neighborhood,hot,103
3,state,hot,103
4,neighborhood,hot,103
4,state,hot,103
5,neighborhood,hot,103
5,state,hot,103
6,neighborhood,hot,103
6,state,hot,103
4,state,hot,105
5,state,hot,105
6,state,hot,105
2,neighborhood,hot,107
3,neighborhood,hot,107
4,neighborhood,hot,107
5,neighborhood,hot,107
6,neighborhood,hot,107
2,neighborhood,cold,108
2,state,cold,108
3,neighborhood,cold,108
3,state,cold,108
4,neighborhood,hot,108
4,state,cold,108
5,neighborhood,hot,108
5,state,cold,108
6,neighborhood,hot,108
6,state,cold,108
6,neighborhood,hot,109
3,neighborhood,cold,111
4,neighborhood,cold,111
5,neighborhood,cold,111
6,neighborhood,cold,111
4,state,hot,113
5,neighborhood,hot,113
5,state,hot,113
6,neighborhood,hot,113
6,state,hot,113
3,neighborhood,hot,114
4,neighborhood,hot,114
5,neighborhood,hot,114
6,neighborhood,hot,114
3,neighborhood,cold,115
4,neighborhood,cold,115
5,neighborhood,cold,115
6,neighborhood,cold,115
2,neighborhood,hot,116
3,neighborhood,hot,116
4,neighborhood,hot,116
5,neighborhood,cold,116
6,neighborhood,cold,116
2,neighborhood,cold,118
3,neighborhood,cold,118
4,neighborhood,cold,118
5,neighborhood,cold,118
6,neighborhood,cold,118
2,neighborhood,hot,119
2,state,hot,119
3,neighborhood,hot,119
3,state,hot,119
4,neighborhood,hot,119
4,state,hot,119
5,neighborhood,hot,119
5,state,hot,119
6,neighborhood,hot,119
6,state,hot,119
3,neighborhood,cold,120
4,neighborhood,cold,120
5,neighborhood,cold,120
6,neighborhood,cold,120
5,neighborhood,cold,121
6,neighborhood,cold,121
3,neighborhood,hot,122
3,state,hot,122
4,neighborhood,hot,122
4,state,hot,122
5,neighborhood,hot,122
5,state,hot,122
6,neighborhood,hot,122
6,state,hot,122
2,neighborhood,hot,123
2,state,hot,123
3,neighborhood,hot,123
3,state,hot,123
4,neighborhood,hot,123
4,state,hot,123
5,neighborhood,hot,123
5,state,hot,123
6,neighborhood,hot,123
6,state,hot,123
2,neighborhood,hot,124
3,neighborhood,hot,124
4,neighborhood,hot,124
5,neighborhood,hot,124
6,neighborhood,hot,124
3,neighborhood,cold,125
4,neighborhood,cold,125
5,neighborhood,cold,125
6,neighborhood,cold,125
2,neighborhood,hot,126
3,neighborhood,hot,126
4,neighborhood,hot,126
5,neighborhood,hot,126
6,neighborhood,hot,126
2,neighborhood,cold,127
3,neighborhood,cold,127
4,neighborhood,cold,127
5,neighborhood,cold,127
6,neighborhood,hot,127
3,neighborhood,cold,128
4,neighborhood,cold,128
5,neighborhood,cold,128
6,neighborhood,cold,128
2,neighborhood,hot,129
3,neighborhood,hot,129
4,neighborhood,cold,129
5,neighborhood,cold,129
6,neighborhood,cold,129
2,neighborhood,cold,130
3,neighborhood,cold,130
3,state,cold,130
4,neighborhood,cold,130
4,state,cold,130
5,neighborhood,cold,130
5,state,cold,130
6,neighborhood,cold,130
6,state,cold,130
5,neighborhood,cold,131
6,neighborhood,cold,131
1,neighborhood,hot,132
1,state,hot,132
2,neighborhood,hot,132
2,state,hot,132
3,neighborhood,hot,132
3,state,hot,132
4,neighborhood,hot,132
4,state,hot,132
5,neighborhood,hot,132
5,state,hot,132
6,neighborhood,hot,132
6,state,hot,132
3,neighborhood,cold,133
4,neighborhood,cold,133
5,neighborhood,cold,133
6,neighborhood,cold,133
2,neighborhood,hot,135
3,neighborhood,hot,135
4,neighborhood,hot,135
5,neighborhood,hot,135
6,neighborhood,hot,135
2,neighborhood,cold,136
3,neighborhood,cold,136
4,neighborhood,hot,136
5,neighborhood,hot,136
6,neighborhood,hot,136
2,neighborhood,cold,137
3,neighborhood,cold,137
4,neighborhood,cold,137
5,neighborhood,cold,137
6,neighborhood,cold,137
2,neighborhood,hot,138
2,state,hot,138
3,neighborhood,hot,138
3,state,hot,138
4,neighborhood,hot,138
4,state,hot,138
5,neighborhood,hot,138
5,state,hot,138
6,neighborhood,hot,138
6,state,hot,138
3,neighborhood,cold,139
4,neighborhood,cold,139
5,neighborhood,cold,139
6,neighborhood,cold,139
2,neighborhood,hot,141
3,neighborhood,hot,141
4,neighborhood,hot,141
5,neighborhood,hot,141
6,neighborhood,hot,141
3,neighborhood,hot,143
4,neighborhood,hot,143
5,neighborhood,hot,143
6,neighborhood,hot,143
2,neighborhood,hot,144
2,state,hot,144
3,neighborhood,hot,144
3,state,hot,144
4,neighborhood,hot,144
4,state,hot,144
5,neighborhood,hot,144
5,state,hot,144
6,neighborhood,hot,144
6,state,hot,144
3,neighborhood,cold,146
4,neighborhood,hot,146
5,neighborhood,hot,146
6,neighborhood,hot,146
5,neighborhood,cold,147
6,neighborhood,cold,147
3,state,hot,148
4,state,hot,148
5,state,hot,148
6,state,hot,148
4,neighborhood,hot,149
5,neighborhood,hot,149
6,neighborhood,cold,149
2,neighborhood,cold,150
3,neighborhood,cold,150
4,neighborhood,cold,150
5,neighborhood,cold,150
6,neighborhood,cold,150
3,neighborhood,cold,151
4,neighborhood,cold,151
5,neighborhood,cold,151
6,neighborhood,cold,151
2,neighborhood,hot,152
3,neighborhood,cold,152
4,neighborhood,cold,152
5,neighborhood,cold,152
6,neighborhood,cold,152
2,neighborhood,hot,153
3,neighborhood,cold,153
3,state,cold,153
4,neighborhood,cold,153
4,state,cold,153
5,neighborhood,cold,153
5,state,cold,153
6,neighborhood,hot,153
6,state,cold,153
2,neighborhood,cold,154
3,neighborhood,cold,154
4,neighborhood,cold,154
5,neighborhood,cold,154
6,neighborhood,cold,154
4,neighborhood,cold,157
5,neighborhood,cold,157
6,neighborhood,cold,157
3,neighborhood,hot,158
4,neighborhood,hot,158
5,neighborhood,hot,158
6,neighborhood,hot,158
2,neighborhood,hot,159
2,state,hot,159
3,neighborhood,hot,159
3,state,hot,159
4,neighborhood,hot,159
4,state,hot,159
5,neighborhood,hot,159
5,state,hot,159
6,neighborhood,hot,159
6,state,hot,159
4,neighborhood,hot,161
5,neighborhood,hot,161
5,state,hot,161
6,neighborhood,hot,161
6,state,hot,161
3,neighborhood,cold,162
4,neighborhood,hot,162
5,neighborhood,hot,162
6,neighborhood,hot,162
2,neighborhood,cold,164
2,state,cold,164
3,neighborhood,cold,164
3,state,cold,164
4,neighborhood,cold,164
4,state,cold,164
5,neighborhood,cold,164
5,state,cold,164
6,neighborhood,cold,164
6,state,cold,164
3,neighborhood,hot,167
4,neighborhood,hot,167
5,neighborhood,hot,167
6,neighborhood,hot,167
5,neighborhood,hot,168
6,neighborhood,hot,168
2,state,hot,170
3,neighborhood,hot,170
3,state,hot,170
4,neighborhood,hot,170
4,state,hot,170
5,neighborhood,hot,170
5,state,hot,170
6,neighborhood,hot,170
6,state,hot,170
2,neighborhood,hot,171
2,state,hot,171
3,neighborhood,hot,171
3,state,hot,171
4,neighborhood,hot,171
4,state,hot,171
5,neighborhood,hot,171
5,state,hot,171
6,neighborhood,hot,171
6,state,hot,171
2,neighborhood,hot,173
2,state,hot,173
3,neighborhood,hot,173
3,state,hot,173
4,neighborhood,hot,173
4,state,hot,173
5,neighborhood,hot,173
5,state,hot,173
6,neighborhood,hot,173
6,state,hot,173
4,neighborhood,cold,175
5,neighborhood,cold,175
6,neighborhood,cold,175
4,neighborhood,cold,176
5,neighborhood,cold,176
6,neighborhood,cold,176
3,neighborhood,hot,177
3,state,hot,177
4,neighborhood,hot,177
4,state,hot,177
5,neighborhood,hot,177
5,state,hot,177
6,neighborhood,hot,177
6,state,hot,177
3,neighborhood,hot,179
3,state,hot,179
4,neighborhood,hot,179
4,state,hot,179
5,neighborhood,hot,179
5,state,hot,179
6,neighborhood,hot,179
6,state,hot,179
2,neighborhood,cold,180
3,neighborhood,cold,180
4,neighborhood,cold,180
5,neighborhood,cold,180
6,neighborhood,cold,180
5,neighborhood,cold,183
6,neighborhood,cold,183
4,neighborhood,hot,184
5,neighborhood,hot,184
6,neighborhood,hot,184
2,neighborhood,hot,186
2,state,hot,186
3,neighborhood,hot,186
3,state,hot,186
4,neighborhood,hot,186
4,state,hot,186
5,neighborhood,hot,186
5,state,hot,186
6,neighborhood,hot,186
6,state,hot,186
3,state,cold,188
4,state,cold,188
5,state,cold,188
6,state,cold,188
4,state,hot,190
5,state,hot,190
6,state,hot,190
3,neighborhood,hot,191
3,state,hot,191
4,neighborhood,hot,191
4,state,hot,191
5,neighborhood,hot,191
5,state,hot,191
6,neighborhood,hot,191
6,state,hot,191
4,neighborhood,cold,192
5,neighborhood,cold,192
6,neighborhood,cold,192
2,neighborhood,hot,193
3,neighborhood,hot,193
4,neighborhood,hot,193
5,neighborhood,hot,193
6,neighborhood,hot,193
2,neighborhood,cold,194
3,neighborhood,cold,194
4,neighborhood,cold,194
5,neighborhood,cold,194
6,neighborhood,cold,194
5,neighborhood,cold,195
6,neighborhood,cold,195
4,neighborhood,cold,196
5,neighborhood,cold,196
6,neighborhood,cold,196
3,neighborhood,cold,197
4,neighborhood,cold,197
5,neighborhood,cold,197
6,neighborhood,cold,197
2,state,hot,198
3,neighborhood,cold,198
3,state,hot,198
4,neighborhood,cold,198
4,state,hot,198
5,neighborhood,cold,198
5,state,hot,198
6,neighborhood,cold,198
6,state,hot,198
2,neighborhood,cold,201
3,neighborhood,cold,201
4,neighborhood,cold,201
5,neighborhood,cold,201
6,neighborhood,cold,201
2,state,hot,203
3,state,hot,203
4,state,hot,203
5,state,hot,203
6,state,hot,203
2,neighborhood,cold,204
3,neighborhood,cold,204
4,neighborhood,cold,204
5,neighborhood,cold,204
5,state,cold,204
6,neighborhood,cold,204
6,state,cold,204
2,state,hot,205
3,state,hot,205
4,neighborhood,cold,205
4,state,hot,205
5,neighborhood,cold,205
5,state,hot,205
6,neighborhood,cold,205
6,state,hot,205
5,neighborhood,cold,206
6,neighborhood,cold,206
4,neighborhood,cold,207
4,state,cold,207
5,neighborhood,cold,207
5,state,cold,207
6,neighborhood,cold,207
6,state,cold,207
1,neighborhood,hot,210
1,state,hot,210
2,neighborhood,hot,210
2,state,hot,210
3,neighborhood,hot,210
3,state,hot,210
4,neighborhood,hot,210
4,state,hot,210
5,neighborhood,hot,210
5,state,hot,210
6,neighborhood,hot,210
6,state,hot,210
3,state,hot,212
4,state,hot,212
5,state,hot,212
6,state,hot,212
4,neighborhood,cold,213
5,neighborhood,cold,213
6,neighborhood,cold,213
6,state,cold,213
3,neighborhood,cold,214
4,neighborhood,cold,214
5,neighborhood,cold,214
6,neighborhood,cold,214
2,neighborhood,hot,215
2,state,hot,215
3,neighborhood,hot,215
3,state,hot,215
4,neighborhood,hot,215
4,state,hot,215
5,neighborhood,hot,215
5,state,hot,215
6,neighborhood,hot,215
6,state,hot,215
6,neighborhood,cold,218
5,neighborhood,cold,220
6,neighborhood,cold,220
4,state,cold,221
5,state,cold,221
6,neighborhood,cold,221
6,state,cold,221
4,state,hot,223
5,neighborhood,hot,223
5,state,hot,223
6,neighborhood,hot,223
6,state,hot,223
2,neighborhood,hot,224
3,neighborhood,hot,224
4,neighborhood,cold,224
5,neighborhood,cold,224
6,neighborhood,cold,224
2,neighborhood,hot,226
3,neighborhood,hot,226
4,neighborhood,hot,226
5,neighborhood,hot,226
6,neighborhood,hot,226
6,state,hot,226
2,neighborhood,hot,228
2,state,hot,228
3,neighborhood,hot,228
3,state,hot,228
4,neighborhood,hot,228
4,state,hot,228
5,neighborhood,hot,228
5,state,hot,228
6,neighborhood,hot,228
6,state,hot,228
3,state,hot,229
4,neighborhood,hot,229
4,state,hot,229
5,neighborhood,hot,229
5,state,hot,229
6,neighborhood,hot,229
6,state,hot,229
2,state,hot,230
3,neighborhood,cold,230
3,state,hot,230
4,neighborhood,cold,230
4,state,hot,230
5,neighborhood,cold,230
5,state,hot,230
6,neighborhood,cold,230
6,state,hot,230
5,neighborhood,hot,231
6,neighborhood,hot,231
3,state,cold,232
4,state,cold,232
5,state,cold,232
6,state,cold,232
2,neighborhood,cold,233
3,neighborhood,cold,233
4,neighborhood,cold,233
5,neighborhood,cold,233
6,neighborhood,hot,233
2,neighborhood,hot,234
3,neighborhood,hot,234
4,neighborhood,hot,234
4,state,hot,234
5,neighborhood,hot,234
5,state,hot,234
6,neighborhood,hot,234
6,state,hot,234
2,neighborhood,cold,235
3,neighborhood,cold,235
3,state,hot,235
4,neighborhood,cold,235
4,state,hot,235
5,neighborhood,hot,235
5,state,hot,235
6,neighborhood,hot,235
6,state,hot,235
5,neighborhood,cold,238
6,neighborhood,cold,238
4,neighborhood,hot,239
5,neighborhood,hot,239
6,neighborhood,hot,239
2,neighborhood,cold,240
3,neighborhood,cold,240
4,neighborhood,cold,240
5,neighborhood,cold,240
6,neighborhood,cold,240
2,neighborhood,hot,242
2,state,hot,242
3,neighborhood,hot,242
3,state,hot,242
4,neighborhood,hot,242
4,state,hot,242
5,neighborhood,hot,242
5,state,hot,242
6,neighborhood,hot,242
6,state,hot,242
2,neighborhood,hot,243
2,state,hot,243
3,neighborhood,hot,243
3,state,hot,243
4,neighborhood,hot,243
4,state,hot,243
5,neighborhood,hot,243
5,state,hot,243
6,neighborhood,hot,243
6,state,hot,243
1,neighborhood,hot,244
1,state,hot,244
2,neighborhood,hot,244
2,state,hot,244
3,neighborhood,hot,244
3,state,hot,244
4,neighborhood,hot,244
4,state,hot,244
5,neighborhood,hot,244
5,state,hot,244
6,neighborhood,hot,244
6,state,hot,244
2,neighborhood,cold,245
3,neighborhood,cold,245
4,neighborhood,cold,245
5,neighborhood,cold,245
6,neighborhood,cold,245
3,neighborhood,cold,248
4,neighborhood,cold,248
5,neighborhood,cold,248
6,neighborhood,cold,248
2,neighborhood,hot,250
2,state,hot,250
3,neighborhood,hot,250
3,state,hot,250
4,neighborhood,hot,250
4,state,hot,250
5,neighborhood,hot,250
5,state,hot,250
6,neighborhood,hot,250
6,state,hot,250
3,state,cold,251
4,state,cold,251
5,state,cold,251
6,state,cold,251
3,neighborhood,hot,252
4,neighborhood,hot,252
5,neighborhood,hot,252
6,neighborhood,hot,252
5,neighborhood,cold,254
5,state,cold,254
6,neighborhood,cold,254
6,state,cold,254
4,neighborhood,hot,255
4,state,hot,255
5,neighborhood,hot,255
5,state,hot,255
6,neighborhood,hot,255
6,state,hot,255
4,neighborhood,cold,256
5,neighborhood,cold,256
6,neighborhood,cold,256
3,state,hot,259
4,state,hot,259
5,state,hot,259
6,state,hot,259
2,neighborhood,cold,262
3,neighborhood,cold,262
4,neighborhood,cold,262
4,state,hot,262
5,neighborhood,cold,262
5,state,hot,262
6,neighborhood,cold,262
6,state,hot,262
3,state,cold,264
4,state,cold,264
5,neighborhood,cold,264
5,state,cold,264
6,neighborhood,cold,264
6,state,cold,264
3,neighborhood,hot,265
4,neighborhood,hot,265
5,neighborhood,hot,265
6,neighborhood,hot,265
2,neighborhood,hot,266
2,state,hot,266
3,neighborhood,hot,266
3,state,hot,266
4,neighborhood,hot,266
4,state,hot,266
5,neighborhood,hot,266
5,state,hot,266
6,neighborhood,hot,266
6,state,hot,266
6,neighborhood,hot,267
3,state,hot,269
4,state,hot,269
5,state,hot,269
6,state,hot,269
3,neighborhood,cold,270
4,neighborhood,cold,270
5,neighborhood,cold,270
6,neighborhood,cold,270
2,neighborhood,hot,272
2,state,hot,272
3,neighborhood,hot,272
3,state,hot,272
4,neighborhood,hot,272
4,state,hot,272
5,neighborhood,hot,272
5,state,hot,272
6,neighborhood,hot,272
6,state,hot,272
3,state,hot,273
4,state,hot,273
5,state,hot,273
6,state,hot,273
3,neighborhood,hot,274
3,state,hot,274
4,neighborhood,hot,274
4,state,hot,274
5,neighborhood,hot,274
5,state,hot,274
6,neighborhood,hot,274
6,state,hot,274
2,neighborhood,cold,276
3,neighborhood,cold,276
4,neighborhood,cold,276
5,neighborhood,cold,276
5,state,cold,276
6,neighborhood,cold,276
6,state,cold,276
4,neighborhood,cold,277
5,neighborhood,cold,277
6,neighborhood,cold,277
6,neighborhood,hot,278
2,state,hot,279
3,state,hot,279
4,state,hot,279
5,state,hot,279
6,state,hot,279
3,neighborhood,hot,280
4,neighborhood,cold,280
5,neighborhood,cold,280
6,neighborhood,cold,280
6,state,cold,282
4,neighborhood,cold,283
5,neighborhood,cold,283
6,neighborhood,cold,283
4,neighborhood,cold,285
5,neighborhood,cold,285
6,neighborhood,cold,285
2,state,hot,287
3,state,hot,287
4,state,hot,287
5,neighborhood,cold,287
5,state,hot,287
6,neighborhood,cold,287
6,state,hot,287
6,neighborhood,cold,290
3,neighborhood,cold,291
3,state,cold,291
4,neighborhood,cold,291
4,state,cold,291
5,neighborhood,cold,291
5,state,cold,291
6,neighborhood,cold,291
6,state,cold,291
2,neighborhood,hot,294
2,state,hot,294
3,neighborhood,hot,294
3,state,hot,294
4,neighborhood,hot,294
4,state,hot,294
5,neighborhood,hot,294
5,state,hot,294
6,neighborhood,hot,294
6,state,hot,294
2,state,hot,295
3,state,hot,295
4,state,hot,295
5,state,hot,295
6,state,hot,295
3,neighborhood,cold,296
3,state,cold,296
4,neighborhood,cold,296
4,state,cold,296
5,neighborhood,cold,296
5,state,cold,296
6,neighborhood,cold,296
6,state,cold,296
2,state,hot,297
3,state,hot,297
4,state,hot,297
5,state,hot,297
6,state,hot,297
2,neighborhood,cold,298
3,neighborhood,cold,298
4,neighborhood,cold,298
5,neighborhood,hot,298
6,neighborhood,hot,298
2,state,hot,299
3,state,hot,299
4,state,hot,299
5,state,hot,299
6,state,hot,299
2,neighborhood,hot,301
3,neighborhood,hot,301
4,neighborhood,hot,301
5,neighborhood,hot,301
6,neighborhood,hot,301
1,neighborhood,hot,303
1,state,hot,303
2,neighborhood,cold,303
2,state,hot,303
3,neighborhood,hot,303
3,state,hot,303
4,neighborhood,hot,303
4,state,hot,303
5,neighborhood,hot,303
5,state,hot,303
6,neighborhood,hot,303
6,state,hot,303
3,state,cold,304
4,state,cold,304
5,state,cold,304
6,state,cold,304
2,state,hot,305
3,state,hot,305
4,state,hot,305
5,neighborhood,hot,305
5,state,hot,305
6,neighborhood,hot,305
6,state,hot,305
3,neighborhood,hot,307
4,neighborhood,hot,307
5,neighborhood,hot,307
6,neighborhood,hot,307
5,neighborhood,cold,308
6,neighborhood,cold,308
3,neighborhood,hot,309
4,neighborhood,hot,309
5,neighborhood,hot,309
6,neighborhood,hot,309
6,state,hot,309
2,state,hot,312
3,state,hot,312
4,state,hot,312
5,state,hot,312
6,state,hot,312
2,state,hot,313
3,state,hot,313
4,state,hot,313
5,state,hot,313
6,neighborhood,hot,313
6,state,hot,313
2,state,hot,314
3,state,hot,314
4,state,hot,314
5,state,hot,314
6,state,hot,314
2,neighborhood,hot,315
3,neighborhood,hot,315
4,neighborhood,hot,315
4,state,hot,315
5,neighborhood,hot,315
5,state,hot,315
6,neighborhood,hot,315
6,state,hot,315
3,neighborhood,hot,316
3,state,hot,316
4,neighborhood,hot,316
4,state,hot,316
5,neighborhood,cold,316
5,state,hot,316
6,neighborhood,cold,316
6,state,hot,316
6,neighborhood,cold,318
4,state,hot,319
5,neighborhood,cold,319
5,state,hot,319
6,neighborhood,cold,319
6,state,hot,319
5,neighborhood,cold,320
6,neighborhood,cold,320
2,neighborhood,cold,322
3,neighborhood,cold,322
4,neighborhood,cold,322
5,neighborhood,hot,322
5,state,hot,322
6,neighborhood,hot,322
6,state,hot,322
3,neighborhood,hot,323
4,neighborhood,hot,323
5,neighborhood,hot,323
6,neighborhood,hot,323
3,neighborhood,cold,324
4,neighborhood,cold,324
5,neighborhood,cold,324
6,neighborhood,cold,324
3,neighborhood,cold,325
4,neighborhood,cold,325
5,neighborhood,cold,325
6,neighborhood,cold,325
3,neighborhood,hot,326
3,state,hot,326
4,neighborhood,hot,326
4,state,hot,326
5,neighborhood,hot,326
5,state,hot,326
6,neighborhood,hot,326
6,state,hot,326
3,neighborhood,hot,327
4,neighborhood,cold,327
5,neighborhood,cold,327
6,neighborhood,cold,327
2,neighborhood,cold,328
3,neighborhood,cold,328
4,neighborhood,cold,328
5,neighborhood,hot,328
6,neighborhood,hot,328
3,neighborhood,cold,330
4,neighborhood,cold,330
5,neighborhood,cold,330
6,neighborhood,cold,330
2,state,hot,332
3,state,hot,332
4,state,hot,332
5,state,hot,332
6,state,hot,332
3,state,cold,333
4,neighborhood,cold,333
4,state,cold,333
5,neighborhood,cold,333
5,state,cold,333
6,neighborhood,cold,333
6,state,cold,333
2,neighborhood,hot,334
2,state,hot,334
3,neighborhood,hot,334
3,state,hot,334
4,neighborhood,hot,334
4,state,hot,334
5,neighborhood,hot,334
5,state,hot,334
6,neighborhood,hot,334
6,state,hot,334
2,neighborhood,hot,335
2,state,hot,335
3,neighborhood,hot,335
3,state,hot,335
4,neighborhood,hot,335
4,state,hot,335
5,neighborhood,hot,335
5,state,hot,335
6,neighborhood,hot,335
6,state,hot,335
3,neighborhood,cold,336
4,neighborhood,cold,336
5,neighborhood,cold,336
6,neighborhood,cold,336
2,neighborhood,hot,337
2,state,hot,337
3,neighborhood,hot,337
3,state,hot,337
4,neighborhood,hot,337
4,state,hot,337
5,neighborhood,hot,337
5,state,hot,337
6,neighborhood,hot,337
6,state,hot,337
4,neighborhood,cold,338
5,neighborhood,cold,338
6,neighborhood,cold,338
2,neighborhood,hot,339
2,state,hot,339
3,neighborhood,hot,339
3,state,hot,339
4,neighborhood,hot,339
4,state,hot,339
5,neighborhood,hot,339
5,state,hot,339
6,neighborhood,hot,339
6,state,hot,339
2,neighborhood,hot,340
2,state,hot,340
3,neighborhood,hot,340
3,state,hot,340
4,neighborhood,hot,340
4,state,hot,340
5,neighborhood,hot,340
5,state,hot,340
6,neighborhood,hot,340
6,state,hot,340
2,neighborhood,hot,341
3,neighborhood,hot,341
4,neighborhood,hot,341
5,neighborhood,hot,341
6,neighborhood,hot,341
3,neighborhood,hot,342
4,neighborhood,hot,342
5,neighborhood,hot,342
6,neighborhood,hot,342
6,neighborhood,cold,344
2,neighborhood,cold,345
3,neighborhood,cold,345
4,neighborhood,cold,345
5,neighborhood,cold,345
6,neighborhood,cold,345
2,neighborhood,hot,346
3,neighborhood,hot,346
4,neighborhood,hot,346
5,neighborhood,hot,346
6,neighborhood,hot,346
6,state,hot,346
2,neighborhood,hot,347
3,neighborhood,hot,347
4,neighborhood,hot,347
5,neighborhood,hot,347
6,neighborhood,hot,347
4,neighborhood,cold,348
4,state,cold,348
5,neighborhood,cold,348
5,state,cold,348
6,neighborhood,cold,348
6,state,cold,348
2,state,cold,349
3,state,cold,349
4,state,cold,349
5,state,cold,349
6,neighborhood,cold,349
6,state,cold,349
3,state,hot,350
4,neighborhood,hot,350
4,state,hot,350
5,neighborhood,hot,350
5,state,hot,350
6,neighborhood,hot,350
6,state,hot,350
3,neighborhood,hot,352
3,state,hot,352
4,neighborhood,hot,352
4,state,hot,352
5,neighborhood,hot,352
5,state,hot,352
6,neighborhood,hot,352
6,state,hot,352
2,state,hot,355
3,state,hot,355
4,state,hot,355
5,state,hot,355
6,state,cold,355
3,neighborhood,hot,356
4,neighborhood,hot,356
5,neighborhood,hot,356
6,neighborhood,hot,356
2,neighborhood,hot,357
3,neighborhood,hot,357
4,neighborhood,hot,357
5,neighborhood,hot,357
6,neighborhood,hot,357
3,neighborhood,cold,358
4,neighborhood,cold,358
5,neighborhood,cold,358
6,neighborhood,cold,358
3,neighborhood,cold,359
4,neighborhood,cold,359
5,neighborhood,cold,359
6,neighborhood,cold,359
6,neighborhood,cold,360
4,neighborhood,cold,361
5,neighborhood,cold,361
5,state,cold,361
6,neighborhood,cold,361
6,state,cold,361
2,neighborhood,hot,362
2,state,hot,362
3,neighborhood,hot,362
3,state,hot,362
4,neighborhood,hot,362
4,state,hot,362
5,neighborhood,hot,362
5,state,hot,362
6,neighborhood,hot,362
6,state,hot,362
2,neighborhood,hot,364
2,state,hot,364
3,neighborhood,hot,364
3,state,hot,364
4,neighborhood,hot,364
4,state,hot,364
5,neighborhood,hot,364
5,state,hot,364
6,neighborhood,hot,364
6,state,hot,364
4,neighborhood,cold,365
5,neighborhood,cold,365
6,neighborhood,cold,365
2,neighborhood,cold,366
3,neighborhood,cold,366
4,neighborhood,cold,366
5,neighborhood,cold,366
5,state,cold,366
6,neighborhood,cold,366
6,state,cold,366
2,state,hot,367
3,state,hot,367
4,state,hot,367
5,state,hot,367
6,state,hot,367
4,neighborhood,cold,368
5,neighborhood,cold,368
6,neighborhood,cold,368
3,neighborhood,cold,369
4,neighborhood,cold,369
5,neighborhood,cold,369
6,neighborhood,cold,369
3,state,hot,372
4,state,hot,372
5,state,hot,372
6,state,hot,372
2,state,hot,374
3,neighborhood,hot,374
3,state,hot,374
4,neighborhood,hot,374
4,state,hot,374
5,neighborhood,hot,374
5,state,hot,374
6,neighborhood,hot,374
6,state,hot,374
3,neighborhood,hot,376
4,neighborhood,hot,376
5,neighborhood,hot,376
6,neighborhood,hot,376
2,neighborhood,hot,378
2,state,hot,378
3,neighborhood,hot,378
3,state,hot,378
4,neighborhood,hot,378
4,state,hot,378
5,neighborhood,hot,378
5,state,hot,378
6,neighborhood,hot,378
6,state,hot,378
3,neighborhood,cold,379
4,neighborhood,cold,379
5,neighborhood,cold,379
6,neighborhood,cold,379
2,neighborhood,cold,380
3,neighborhood,cold,380
4,neighborhood,cold,380
5,neighborhood,cold,380
6,neighborhood,cold,380
2,neighborhood,cold,381
3,neighborhood,cold,381
3,state,cold,381
4,neighborhood,cold,381
4,state,cold,381
5,neighborhood,cold,381
5,state,cold,381
6,neighborhood,cold,381
6,state,cold,381
3,state,cold,382
4,state,cold,382
5,state,cold,382
6,neighborhood,cold,382
6,state,cold,382
2,state,cold,383
3,state,hot,383
4,neighborhood,hot,383
4,state,hot,383
5,neighborhood,hot,383
5,state,cold,383
6,neighborhood,hot,383
6,state,cold,383
3,neighborhood,hot,384
4,neighborhood,hot,384
5,neighborhood,hot,384
6,neighborhood,hot,384
6,state,hot,384
5,state,cold,385
6,neighborhood,cold,385
6,state,cold,385
3,state,cold,387
4,state,cold,387
5,state,cold,387
6,state,cold,387
2,neighborhood,hot,388
3,neighborhood,hot,388
4,neighborhood,hot,388
5,neighborhood,hot,388
6,neighborhood,hot,388
2,neighborhood,cold,391
3,neighborhood,cold,391
4,neighborhood,cold,391
5,neighborhood,cold,391
6,neighborhood,cold,391
3,state,hot,392
4,neighborhood,cold,392
4,state,hot,392
5,neighborhood,cold,392
5,state,hot,392
6,neighborhood,cold,392
6,state,hot,392
3,neighborhood,hot,394
3,state,hot,394
4,neighborhood,cold,394
4,state,hot,394
5,neighborhood,cold,394
5,state,hot,394
6,neighborhood,cold,394
6,state,hot,394
3,state,hot,395
4,state,hot,395
5,state,hot,395
6,state,hot,395
5,state,hot,396
6,state,hot,396
3,state,hot,398
4,state,hot,398
5,state,hot,398
6,neighborhood,hot,398
6,state,hot,398
5,neighborhood,cold,399
6,neighborhood,cold,399
3,neighborhood,cold,400
4,neighborhood,cold,400
4,state,cold,400
5,neighborhood,cold,400
5,state,cold,400
6,neighborhood,cold,400
6,state,cold,400
3,state,cold,401
4,state,cold,401
5,neighborhood,cold,401
5,state,cold,401
6,neighborhood,cold,401
6,state,cold,401
4,neighborhood,cold,402
5,neighborhood,cold,402
6,neighborhood,cold,402
2,neighborhood,hot,403
3,neighborhood,cold,403
4,neighborhood,cold,403
5,neighborhood,cold,403
6,neighborhood,cold,403
3,state,cold,404
4,state,cold,404
5,state,cold,404
6,state,cold,404
2,neighborhood,cold,405
3,neighborhood,cold,405
4,neighborhood,cold,405
4,state,cold,405
5,neighborhood,cold,405
5,state,cold,405
6,neighborhood,cold,405
6,state,cold,405
4,state,hot,406
5,neighborhood,cold,406
5,state,hot,406
6,neighborhood,cold,406
6,state,hot,406
5,state,hot,407
6,state,hot,407
4,state,cold,408
5,state,cold,408
6,state,cold,408
4,state,cold,409
5,state,hot,409
6,state,hot,409
3,neighborhood,hot,410
4,neighborhood,hot,410
5,neighborhood,hot,410
6,neighborhood,hot,410
2,neighborhood,hot,411
2,state,hot,411
3,neighborhood,hot,411
3,state,hot,411
4,neighborhood,hot,411
4,state,hot,411
5,neighborhood,hot,411
5,state,hot,411
6,neighborhood,hot,411
6,state,hot,411
4,neighborhood,cold,412
5,neighborhood,cold,412
6,neighborhood,cold,412
3,state,cold,413
4,neighborhood,cold,413
4,state,cold,413
5,neighborhood,cold,413
5,state,cold,413
6,neighborhood,cold,413
6,state,cold,413
4,state,cold,414
5,state,cold,414
6,state,cold,414
3,neighborhood,hot,416
3,state,hot,416
4,neighborhood,hot,416
4,state,hot,416
5,neighborhood,hot,416
5,state,hot,416
6,neighborhood,hot,416
6,state,hot,416
2,neighborhood,hot,418
3,neighborhood,hot,418
4,neighborhood,hot,418
5,neighborhood,hot,418
5,state,hot,418
6,neighborhood,hot,418
6,state,hot,418
2,neighborhood,hot,419
3,neighborhood,hot,419
3,state,cold,419
4,neighborhood,hot,419
4,state,cold,419
5,neighborhood,hot,419
5,state,cold,419
6,neighborhood,hot,419
6,state,cold,419
2,neighborhood,cold,420
3,neighborhood,cold,420
4,neighborhood,cold,420
4,state,cold,420
5,neighborhood,cold,420
5,state,cold,420
6,neighborhood,cold,420
6,state,cold,420
2,state,hot,422
3,state,hot,422
4,state,hot,422
5,neighborhood,cold,422
5,state,cold,422
6,neighborhood,cold,422
6,state,cold,422
6,state,cold,423
2,neighborhood,hot,424
2,state,hot,424
3,neighborhood,hot,424
3,state,hot,424
4,neighborhood,hot,424
4,state,hot,424
5,neighborhood,hot,424
5,state,hot,424
6,neighborhood,hot,424
6,state,hot,424
3,state,cold,425
4,state,cold,425
5,state,cold,425
6,state,cold,425
2,state,hot,426
3,state,hot,426
4,state,hot,426
5,neighborhood,cold,426
5,state,hot,426
6,neighborhood,cold,426
6,state,hot,426
2,state,hot,427
3,state,hot,427
4,state,hot,427
5,state,hot,427
6,state,hot,427
2,neighborhood,cold,428
3,neighborhood,cold,428
4,neighborhood,cold,428
5,neighborhood,cold,428
6,neighborhood,cold,428
3,neighborhood,cold,430
4,neighborhood,cold,430
5,neighborhood,cold,430
6,neighborhood,cold,430
6,neighborhood,hot,431
2,state,cold,432
3,neighborhood,cold,432
3,state,cold,432
4,neighborhood,cold,432
4,state,cold,432
5,neighborhood,cold,432
5,state,cold,432
6,neighborhood,cold,432
6,state,cold,432
5,neighborhood,cold,433
6,neighborhood,hot,433
2,neighborhood,cold,434
3,neighborhood,cold,434
3,state,cold,434
4,neighborhood,cold,434
4,state,cold,434
5,neighborhood,cold,434
5,state,cold,434
6,neighborhood,cold,434
6,state,cold,434
3,state,cold,435
4,state,cold,435
5,state,cold,435
6,state,cold,435
4,neighborhood,cold,436
5,neighborhood,cold,436
6,neighborhood,cold,436
5,neighborhood,hot,437
6,neighborhood,hot,437
4,neighborhood,cold,438
5,neighborhood,cold,438
6,neighborhood,cold,438
2,neighborhood,hot,439
2,state,hot,439
3,neighborhood,hot,439
3,state,hot,439
4,neighborhood,hot,439
4,state,hot,439
5,neighborhood,hot,439
5,state,hot,439
6,neighborhood,hot,439
6,state,hot,439
4,neighborhood,hot,440
5,neighborhood,cold,440
6,neighborhood,cold,440
3,neighborhood,cold,441
4,neighborhood,cold,441
5,neighborhood,cold,441
6,neighborhood,cold,441
6,state,cold,444
2,neighborhood,hot,448
2,state,hot,448
3,neighborhood,hot,448
3,state,hot,448
4,neighborhood,hot,448
4,state,hot,448
5,neighborhood,hot,448
5,state,hot,448
6,neighborhood,hot,448
6,state,hot,448
2,neighborhood,hot,449
2,state,hot,449
3,neighborhood,hot,449
3,state,hot,449
4,neighborhood,hot,449
4,state,hot,449
5,neighborhood,hot,449
5,state,hot,449
6,neighborhood,hot,449
6,state,hot,449
3,neighborhood,hot,450
3,state,hot,450
4,neighborhood,hot,450
4,state,hot,450
5,neighborhood,hot,450
5,state,hot,450
6,neighborhood,hot,450
6,state,hot,450
5,neighborhood,cold,451
6,neighborhood,cold,451
2,neighborhood,hot,452
3,neighborhood,hot,452
3,state,hot,452
4,neighborhood,hot,452
4,state,hot,452
5,neighborhood,hot,452
5,state,hot,452
6,neighborhood,hot,452
6,state,hot,452
2,neighborhood,hot,453
3,neighborhood,hot,453
4,neighborhood,hot,453
4,state,hot,453
5,neighborhood,hot,453
5,state,hot,453
6,neighborhood,hot,453
6,state,hot,453
2,neighborhood,cold,454
3,neighborhood,cold,454
4,neighborhood,cold,454
5,neighborhood,cold,454
6,neighborhood,cold,454
2,state,cold,456
3,neighborhood,cold,456
3,state,cold,456
4,neighborhood,cold,456
4,state,cold,456
5,neighborhood,cold,456
5,state,cold,456
6,neighborhood,cold,456
6,state,cold,456
3,state,cold,459
4,state,cold,459
5,state,cold,459
6,state,cold,459
2,neighborhood,hot,461
2,state,hot,461
3,neighborhood,hot,461
3,state,hot,461
4,neighborhood,hot,461
4,state,hot,461
5,neighborhood,hot,461
5,state,hot,461
6,neighborhood,hot,461
6,state,hot,461
2,neighborhood,hot,462
3,neighborhood,hot,462
4,neighborhood,hot,462
5,neighborhood,hot,462
6,neighborhood,hot,462
3,state,hot,464
4,state,hot,464
5,state,cold,464
6,state,hot,464
2,state,hot,465
3,state,hot,465
4,neighborhood,cold,465
4,state,cold,465
5,neighborhood,cold,465
5,state,cold,465
6,neighborhood,cold,465
6,state,cold,465
5,state,cold,466
6,state,cold,466
2,state,hot,467
3,state,hot,467
4,state,hot,467
5,state,hot,467
6,state,hot,467
2,neighborhood,hot,468
3,neighborhood,hot,468
4,neighborhood,hot,468
4,state,cold,468
5,neighborhood,hot,468
5,state,cold,468
6,neighborhood,hot,468
6,state,cold,468
1,state,hot,469
2,state,hot,469
3,state,hot,469
4,state,hot,469
5,state,hot,469
6,state,hot,469
2,state,cold,470
3,neighborhood,cold,470
3,state,cold,470
4,neighborhood,cold,470
4,state,cold,470
5,neighborhood,cold,470
5,state,cold,470
6,neighborhood,cold,470
6,state,cold,470
2,neighborhood,cold,472
3,neighborhood,cold,472
4,neighborhood,cold,472
5,neighborhood,cold,472
6,neighborhood,cold,472
2,state,hot,473
3,state,hot,473
4,state,hot,473
5,state,hot,473
6,neighborhood,hot,473
6,state,hot,473
2,neighborhood,hot,474
2,state,hot,474
3,neighborhood,hot,474
3,state,hot,474
4,neighborhood,hot,474
4,state,hot,474
5,neighborhood,hot,474
5,state,hot,474
6,neighborhood,hot,474
6,state,hot,474
3,state,cold,476
4,state,cold,476
5,state,cold,476
6,state,cold,476
5,state,hot,479
6,state,hot,479
2,neighborhood,hot,480
2,state,hot,480
3,neighborhood,hot,480
3,state,hot,480
4,neighborhood,hot,480
4,state,hot,480
5,neighborhood,hot,480
5,state,hot,480
6,neighborhood,hot,480
6,state,hot,480
2,neighborhood,cold,481
3,neighborhood,cold,481
4,neighborhood,cold,481
5,neighborhood,cold,481
6,neighborhood,cold,481
4,neighborhood,hot,482
4,state,hot,482
5,neighborhood,hot,482
5,state,hot,482
6,neighborhood,hot,482
6,state,hot,482
2,neighborhood,hot,483
2,state,hot,483
3,neighborhood,hot,483
3,state,hot,483
4,neighborhood,cold,483
4,state,hot,483
5,neighborhood,cold,483
5,state,hot,483
6,neighborhood,cold,483
6,state,hot,483
3,state,hot,484
4,state,hot,484
5,state,hot,484
6,state,hot,484
2,neighborhood,hot,485
2,state,hot,485
3,neighborhood,hot,485
3,state,hot,485
4,neighborhood,hot,485
4,state,hot,485
5,neighborhood,hot,485
5,state,hot,485
6,neighborhood,hot,485
6,state,hot,485
6,neighborhood,hot,486
2,neighborhood,hot,488
3,neighborhood,hot,488
4,neighborhood,hot,488
5,neighborhood,hot,488
6,neighborhood,hot,488
4,neighborhood,hot,489
4,state,hot,489
5,neighborhood,hot,489
5,state,hot,489
6,neighborhood,hot,489
6,state,hot,489
3,state,cold,490
4,neighborhood,hot,490
4,state,cold,490
5,neighborhood,hot,490
5,state,cold,490
6,neighborhood,hot,490
6,state,cold,490
5,state,cold,492
6,state,cold,492
2,neighborhood,hot,494
3,neighborhood,hot,494
4,neighborhood,hot,494
5,neighborhood,hot,494
6,neighborhood,hot,494
3,neighborhood,hot,495
3,state,hot,495
4,neighborhood,hot,495
4,state,hot,495
5,neighborhood,hot,495
5,state,hot,495
6,neighborhood,hot,495
6,state,hot,495
3,neighborhood,cold,496
4,neighborhood,cold,496
5,neighborhood,cold,496
6,neighborhood,cold,496
2,neighborhood,hot,497
3,neighborhood,hot,497
4,neighborhood,cold,497
4,state,cold,497
5,neighborhood,cold,497
5,state,cold,497
6,neighborhood,cold,497
6,state,cold,497
3,state,hot,498
4,state,hot,498
5,state,hot,498
6,state,hot,498
3,state,cold,501
4,neighborhood,hot,501
4,state,cold,501
5,neighborhood,hot,501
5,state,cold,501
6,neighborhood,hot,501
6,state,cold,501
6,neighborhood,hot,504
2,neighborhood,hot,506
3,neighborhood,hot,506
4,neighborhood,hot,506
5,neighborhood,hot,506
6,neighborhood,cold,506
3,neighborhood,hot,508
3,state,hot,508
4,neighborhood,hot,508
4,state,hot,508
5,neighborhood,hot,508
5,state,hot,508
6,neighborhood,hot,508
6,state,hot,508
4,state,cold,509
5,state,cold,509
6,state,cold,509
3,neighborhood,cold,510
4,neighborhood,cold,510
5,neighborhood,cold,510
5,state,cold,510
6,neighborhood,cold,510
6,state,cold,510
2,state,hot,511
3,state,hot,511
4,state,hot,511
5,neighborhood,hot,511
5,state,hot,511
6,neighborhood,hot,511
6,state,hot,511
2,state,hot,513
3,state,cold,513
4,state,cold,513
5,state,cold,513
6,state,cold,513
4,neighborhood,cold,514
4,state,cold,514
5,neighborhood,cold,514
5,state,cold,514
6,neighborhood,cold,514
6,state,cold,514
5,neighborhood,cold,515
5,state,cold,515
6,neighborhood,cold,515
6,state,cold,515
2,neighborhood,cold,518
3,neighborhood,cold,518
4,neighborhood,cold,518
5,neighborhood,cold,518
6,neighborhood,cold,518
3,neighborhood,hot,519
3,state,hot,519
4,neighborhood,hot,519
4,state,hot,519
5,neighborhood,hot,519
5,state,hot,519
6,neighborhood,hot,519
6,state,hot,519
3,neighborhood,cold,520
4,neighborhood,cold,520
5,neighborhood,cold,520
6,neighborhood,cold,520
3,state,hot,522
4,state,hot,522
5,state,hot,522
6,state,hot,522
2,neighborhood,cold,523
3,neighborhood,cold,523
4,neighborhood,cold,523
5,neighborhood,cold,523
6,neighborhood,cold,523
6,state,cold,523
5,neighborhood,hot,526
6,neighborhood,hot,526
6,state,hot,526
4,neighborhood,hot,527
5,neighborhood,cold,527
5,state,cold,527
6,neighborhood,cold,527
6,state,cold,527
3,state,hot,528
4,state,hot,528
5,state,hot,528
6,state,hot,528
2,neighborhood,hot,530
3,neighborhood,hot,530
3,state,cold,530
4,neighborhood,hot,530
4,state,cold,530
5,neighborhood,hot,530
5,state,cold,530
6,neighborhood,hot,530
6,state,cold,530
4,neighborhood,cold,532
5,neighborhood,cold,532
6,neighborhood,cold,532
2,state,cold,534
3,state,hot,534
4,state,hot,534
5,state,hot,534
6,state,hot,534
2,state,cold,535
3,state,hot,535
4,neighborhood,hot,535
4,state,hot,535
5,neighborhood,hot,535
5,state,hot,535
6,neighborhood,hot,535
6,state,hot,535
2,neighborhood,hot,536
2,state,hot,536
3,neighborhood,hot,536
3,state,hot,536
4,neighborhood,hot,536
4,state,hot,536
5,neighborhood,hot,536
5,state,hot,536
6,neighborhood,hot,536
6,state,hot,536
3,neighborhood,cold,537
4,neighborhood,cold,537
5,neighborhood,cold,537
6,neighborhood,cold,537
3,neighborhood,cold,538
4,neighborhood,cold,538
4,state,cold,538
5,neighborhood,cold,538
5,state,cold,538
6,neighborhood,cold,538
6,state,cold,538
3,state,hot,539
4,state,hot,539
5,state,hot,539
6,state,hot,539
3,state,cold,540
4,state,cold,540
5,state,cold,540
6,state,cold,540
6,neighborhood,cold,541
4,neighborhood,cold,542
4,state,cold,542
5,neighborhood,cold,542
5,state,cold,542
6,neighborhood,cold,542
6,state,cold,542
2,neighborhood,cold,543
3,neighborhood,cold,543
4,neighborhood,cold,543
5,neighborhood,cold,543
6,neighborhood,cold,543
3,state,cold,544
4,state,cold,544
5,neighborhood,cold,544
5,state,cold,544
6,neighborhood,cold,544
6,state,cold,544
3,neighborhood,cold,545
3,state,cold,545
4,neighborhood,cold,545
4,state,cold,545
5,neighborhood,cold,545
5,state,cold,545
6,neighborhood,cold,545
6,state,cold,545
4,neighborhood,cold,546
4,state,cold,546
5,neighborhood,cold,546
5,state,cold,546
6,neighborhood,cold,546
6,state,cold,546
2,neighborhood,hot,547
3,neighborhood,hot,547
4,neighborhood,hot,547
4,state,hot,547
5,neighborhood,hot,547
5,state,hot,547
6,neighborhood,hot,547
6,state,hot,547
2,neighborhood,cold,548
2,state,hot,548
3,neighborhood,hot,548
3,state,hot,548
4,neighborhood,hot,548
4,state,hot,548
5,neighborhood,hot,548
5,state,hot,548
6,neighborhood,hot,548
6,state,hot,548
3,neighborhood,cold,549
4,neighborhood,cold,549
5,neighborhood,cold,549
6,neighborhood,hot,549
2,neighborhood,cold,550
3,neighborhood,cold,550
4,neighborhood,cold,550
5,neighborhood,cold,550
6,neighborhood,cold,550
2,neighborhood,cold,551
3,neighborhood,cold,551
4,neighborhood,cold,551
5,neighborhood,cold,551
6,neighborhood,cold,551
2,neighborhood,hot,552
2,state,hot,552
3,neighborhood,hot,552
3,state,hot,552
4,neighborhood,hot,552
4,state,hot,552
5,neighborhood,hot,552
5,state,hot,552
6,neighborhood,hot,552
6,state,hot,552
6,neighborhood,cold,553
6,state,hot,554
3,neighborhood,cold,555
3,state,hot,555
4,neighborhood,cold,555
4,state,hot,555
5,neighborhood,cold,555
5,state,hot,555
6,neighborhood,cold,555
6,state,hot,555
3,state,hot,556
4,state,hot,556
5,state,hot,556
6,neighborhood,hot,556
6,state,hot,556
2,state,cold,557
3,state,cold,557
4,state,cold,557
5,state,cold,557
6,state,cold,557
3,neighborhood,cold,558
4,neighborhood,cold,558
5,neighborhood,cold,558
6,neighborhood,cold,558
4,state,cold,559
5,state,cold,559
6,state,cold,559
6,neighborhood,hot,561
3,neighborhood,hot,562
3,state,hot,562
4,neighborhood,hot,562
4,state,hot,562
5,neighborhood,hot,562
5,state,hot,562
6,neighborhood,hot,562
6,state,hot,562
3,neighborhood,hot,565
4,neighborhood,hot,565
5,neighborhood,hot,565
6,neighborhood,hot,565
3,neighborhood,hot,566
3,state,hot,566
4,neighborhood,hot,566
4,state,hot,566
5,neighborhood,hot,566
5,state,hot,566
6,neighborhood,hot,566
6,state,hot,566
3,state,cold,567
4,state,cold,567
5,state,cold,567
6,state,cold,567
2,neighborhood,cold,568
3,neighborhood,cold,568
4,neighborhood,cold,568
5,neighborhood,cold,568
6,neighborhood,cold,568
2,state,cold,569
3,state,cold,569
4,state,cold,569
5,state,cold,569
6,state,cold,569
2,neighborhood,hot,570
3,neighborhood,hot,570
4,neighborhood,hot,570
5,neighborhood,cold,570
5,state,cold,570
6,neighborhood,cold,570
6,state,cold,570
6,neighborhood,cold,571
3,neighborhood,hot,573
3,state,hot,573
4,neighborhood,cold,573
4,state,hot,573
5,neighborhood,cold,573
5,state,hot,573
6,neighborhood,cold,573
6,state,hot,573
2,neighborhood,hot,574
2,state,hot,574
3,neighborhood,hot,574
3,state,hot,574
4,neighborhood,hot,574
4,state,hot,574
5,neighborhood,hot,574
5,state,hot,574
6,neighborhood,hot,574
6,state,hot,574
4,neighborhood,hot,575
4,state,hot,575
5,neighborhood,hot,575
5,state,hot,575
6,neighborhood,hot,575
6,state,hot,575
5,neighborhood,cold,576
6,neighborhood,cold,576
3,neighborhood,cold,577
3,state,cold,577
4,neighborhood,cold,577
4,state,cold,577
5,neighborhood,cold,577
5,state,cold,577
6,neighborhood,cold,577
6,state,hot,577
2,state,cold,578
3,neighborhood,cold,578
3,state,cold,578
4,neighborhood,cold,578
4,state,cold,578
5,neighborhood,cold,578
5,state,cold,578
6,neighborhood,cold,578
6,state,cold,578
5,state,hot,579
6,state,hot,579
5,state,hot,580
6,state,hot,580
4,state,hot,581
5,state,hot,581
6,state,hot,581
5,neighborhood,hot,582
6,neighborhood,hot,582
2,neighborhood,hot,583
2,state,hot,583
3,neighborhood,hot,583
3,state,hot,583
4,neighborhood,hot,583
4,state,hot,583
5,neighborhood,hot,583
5,state,hot,583
6,neighborhood,hot,583
6,state,hot,583
4,neighborhood,cold,584
4,state,cold,584
5,neighborhood,cold,584
5,state,cold,584
6,neighborhood,cold,584
6,state,cold,584
2,state,cold,586
3,state,hot,586
4,state,hot,586
5,state,hot,586
6,state,hot,586
2,state,hot,587
3,state,hot,587
4,neighborhood,cold,587
4,state,cold,587
5,neighborhood,cold,587
5,state,cold,587
6,neighborhood,cold,587
6,state,hot,587
4,neighborhood,cold,588
5,neighborhood,cold,588
6,neighborhood,cold,588
3,neighborhood,hot,589
3,state,hot,589
4,neighborhood,hot,589
4,state,hot,589
5,neighborhood,hot,589
5,state,hot,589
6,neighborhood,hot,589
6,state,hot,589
2,neighborhood,hot,590
3,neighborhood,hot,590
4,neighborhood,hot,590
5,neighborhood,hot,590
6,neighborhood,hot,590
6,state,hot,590
3,neighborhood,cold,591
4,neighborhood,cold,591
5,neighborhood,cold,591
6,neighborhood,cold,591
6,state,hot,591
2,neighborhood,cold,592
3,neighborhood,cold,592
3,state,cold,592
4,neighborhood,cold,592
4,state,cold,592
5,neighborhood,cold,592
5,state,cold,592
6,neighborhood,cold,592
6,state,cold,592
3,neighborhood,cold,593
3,state,hot,593
4,neighborhood,hot,593
4,state,hot,593
5,neighborhood,cold,593
5,state,cold,593
6,neighborhood,cold,593
6,state,cold,593
3,neighborhood,hot,594
4,neighborhood,hot,594
5,neighborhood,hot,594
6,neighborhood,hot,594
6,state,hot,594
2,state,cold,596
3,neighborhood,cold,596
3,state,cold,596
4,neighborhood,cold,596
4,state,cold,596
5,neighborhood,cold,596
5,state,cold,596
6,neighborhood,cold,596
6,state,cold,596
3,state,cold,597
4,state,cold,597
5,state,cold,597
6,state,cold,597
3,state,hot,598
4,state,hot,598
5,state,hot,598
6,neighborhood,cold,598
6,state,hot,598
2,neighborhood,hot,600
3,neighborhood,hot,600
3,state,hot,600
4,neighborhood,hot,600
4,state,hot,600
5,neighborhood,hot,600
5,state,hot,600
6,neighborhood,hot,600
6,state,hot,600
3,state,hot,601
4,state,hot,601
5,state,hot,601
6,state,hot,601
3,state,cold,602
4,state,cold,602
5,state,cold,602
6,state,cold,602
5,state,hot,603
6,state,hot,603
3,state,cold,606
4,state,cold,606
5,state,cold,606
6,state,cold,606
5,state,hot,607
6,state,hot,607
5,state,cold,608
6,state,cold,608
3,neighborhood,cold,609
3,state,hot,609
4,neighborhood,cold,609
4,state,hot,609
5,neighborhood,cold,609
5,state,hot,609
6,neighborhood,cold,609
6,state,hot,609
4,state,cold,610
5,state,cold,610
6,neighborhood,hot,610
6,state,cold,610
3,neighborhood,cold,611
3,state,hot,611
4,neighborhood,cold,611
4,state,hot,611
5,neighborhood,cold,611
5,state,hot,611
6,neighborhood,cold,611
6,state,cold,611
2,neighborhood,cold,612
3,neighborhood,cold,612
4,neighborhood,cold,612
5,neighborhood,cold,612
6,neighborhood,cold,612
6,neighborhood,cold,613
2,neighborhood,cold,614
3,neighborhood,cold,614
3,state,cold,614
4,neighborhood,cold,614
4,state,cold,614
5,neighborhood,cold,614
5,state,cold,614
6,neighborhood,cold,614
6,state,cold,614
4,neighborhood,cold,615
4,state,cold,615
5,neighborhood,cold,615
5,state,cold,615
6,neighborhood,cold,615
6,state,cold,615
2,neighborhood,cold,616
3,neighborhood,cold,616
3,state,cold,616
4,neighborhood,cold,616
4,state,cold,616
5,neighborhood,cold,616
5,state,cold,616
6,neighborhood,cold,616
6,state,cold,616
5,state,cold,618
6,neighborhood,cold,618
6,state,cold,618
2,state,hot,619
3,state,cold,619
4,state,cold,619
5,state,cold,619
6,state,cold,619
4,state,cold,620
5,state,cold,620
6,neighborhood,hot,620
6,state,hot,620
4,state,hot,621
5,state,hot,621
6,state,hot,621
3,state,hot,622
4,state,hot,622
5,neighborhood,cold,622
5,state,hot,622
6,neighborhood,cold,622
6,state,cold,622
3,neighborhood,cold,623
4,neighborhood,cold,623
5,neighborhood,cold,623
5,state,cold,623
6,neighborhood,cold,623
6,state,cold,623
3,state,cold,624
4,state,cold,624
5,neighborhood,cold,624
5,state,cold,624
6,neighborhood,cold,624
6,state,cold,624
2,neighborhood,hot,625
3,neighborhood,hot,625
3,state,hot,625
4,neighborhood,hot,625
4,state,hot,625
5,neighborhood,hot,625
5,state,hot,625
6,neighborhood,hot,625
6,state,hot,625
4,neighborhood,cold,626
4,state,cold,626
5,neighborhood,cold,626
5,state,cold,626
6,neighborhood,cold,626
6,state,cold,626
5,state,hot,627
6,state,hot,627
3,state,hot,628
4,state,hot,628
5,state,hot,628
6,state,hot,628
3,neighborhood,hot,629
3,state,hot,629
4,neighborhood,hot,629
4,state,hot,629
5,neighborhood,hot,629
5,state,cold,629
6,neighborhood,hot,629
6,state,cold,629
3,neighborhood,cold,630
4,neighborhood,cold,630
5,neighborhood,cold,630
6,neighborhood,cold,630
2,neighborhood,cold,631
3,neighborhood,cold,631
4,neighborhood,cold,631
4,state,cold,631
5,neighborhood,cold,631
5,state,cold,631
6,neighborhood,cold,631
6,state,cold,631
3,neighborhood,hot,632
3,state,hot,632
4,neighborhood,hot,632
4,state,hot,632
5,neighborhood,hot,632
5,state,hot,632
6,neighborhood,hot,632
6,state,hot,632
3,state,cold,633
4,neighborhood,cold,633
4,state,cold,633
5,neighborhood,cold,633
5,state,cold,633
6,neighborhood,cold,633
6,state,cold,633
2,state,cold,634
3,state,cold,634
4,state,hot,634
5,state,hot,634
6,state,hot,634
2,state,cold,635
3,neighborhood,hot,635
3,state,cold,635
4,neighborhood,hot,635
4,state,cold,635
5,neighborhood,hot,635
5,state,cold,635
6,neighborhood,hot,635
6,state,cold,635
4,neighborhood,cold,636
4,state,cold,636
5,neighborhood,cold,636
5,state,cold,636
6,neighborhood,cold,636
6,state,hot,636
3,neighborhood,cold,637
3,state,cold,637
4,neighborhood,cold,637
4,state,cold,637
5,neighborhood,cold,637
5,state,cold,637
6,neighborhood,cold,637
6,state,cold,637
2,neighborhood,cold,638
3,neighborhood,cold,638
4,neighborhood,cold,638
5,neighborhood,cold,638
5,state,cold,638
6,neighborhood,cold,638
6,state,cold,638
3,neighborhood,hot,639
3,state,hot,639
4,neighborhood,hot,639
4,state,hot,639
5,neighborhood,hot,639
5,state,hot,639
6,neighborhood,cold,639
6,state,cold,639
2,state,cold,640
3,state,cold,640
4,neighborhood,hot,640
4,state,hot,640
5,neighborhood,hot,640
5,state,hot,640
6,neighborhood,hot,640
6,state,hot,640
3,state,cold,642
4,state,cold,642
5,state,cold,642
6,state,cold,642
2,state,hot,643
3,state,hot,643
4,state,hot,643
5,state,hot,643
6,state,hot,643
2,neighborhood,cold,644
2,state,hot,644
3,neighborhood,cold,644
3,state,hot,644
4,neighborhood,cold,644
4,state,hot,644
5,neighborhood,cold,644
5,state,hot,644
6,neighborhood,cold,644
6,state,hot,644
3,state,cold,645
4,state,cold,645
5,state,cold,645
6,state,cold,645
3,neighborhood,cold,646
4,neighborhood,cold,646
5,neighborhood,cold,646
6,neighborhood,cold,646
6,state,cold,646
4,neighborhood,cold,647
5,neighborhood,cold,647
6,neighborhood,cold,647
3,state,cold,648
4,state,cold,648
5,state,cold,648
6,state,cold,648
2,neighborhood,hot,649
2,state,cold,649
3,neighborhood,hot,649
3,state,hot,649
4,neighborhood,hot,649
4,state,hot,649
5,neighborhood,cold,649
5,state,cold,649
6,neighborhood,cold,649
6,state,hot,649
2,state,cold,650
3,state,cold,650
4,state,cold,650
5,neighborhood,hot,650
5,state,cold,650
6,neighborhood,hot,650
6,state,cold,650
2,state,hot,651
3,neighborhood,hot,651
3,state,hot,651
4,neighborhood,hot,651
4,state,hot,651
5,neighborhood,hot,651
5,state,hot,651
6,neighborhood,hot,651
6,state,hot,651
2,state,cold,652
3,state,cold,652
4,neighborhood,cold,652
4,state,cold,652
5,neighborhood,cold,652
5,state,cold,652
6,neighborhood,cold,652
6,state,cold,652
3,state,cold,653
4,state,cold,653
5,state,cold,653
6,state,cold,653
4,state,cold,654
5,state,cold,654
6,state,cold,654
2,neighborhood,hot,655
2,state,hot,655
3,neighborhood,hot,655
3,state,hot,655
4,neighborhood,hot,655
4,state,hot,655
5,neighborhood,hot,655
5,state,hot,655
6,neighborhood,hot,655
6,state,hot,655
3,state,hot,656
4,state,cold,656
5,state,cold,656
6,neighborhood,cold,656
6,state,cold,656
2,neighborhood,hot,657
2,state,hot,657
3,neighborhood,hot,657
3,state,cold,657
4,neighborhood,cold,657
4,state,cold,657
5,neighborhood,cold,657
5,state,cold,657
6,neighborhood,cold,657
6,state,cold,657
2,neighborhood,hot,658
2,state,hot,658
3,neighborhood,hot,658
3,state,hot,658
4,neighborhood,hot,658
4,state,hot,658
5,neighborhood,hot,658
5,state,hot,658
6,neighborhood,hot,658
6,state,hot,658
3,state,hot,660
4,state,hot,660
5,state,cold,660
6,state,hot,660
3,state,cold,661
4,state,cold,661
5,state,cold,661
6,state,cold,661
2,state,hot,662
3,state,hot,662
4,state,hot,662
5,neighborhood,cold,662
5,state,hot,662
6,neighborhood,cold,662
6,state,hot,662
5,neighborhood,cold,663
6,neighborhood,cold,663
2,state,cold,664
3,state,hot,664
4,state,hot,664
5,state,cold,664
6,state,cold,664
1,neighborhood,hot,665
1,state,hot,665
2,neighborhood,hot,665
2,state,hot,665
3,neighborhood,hot,665
3,state,hot,665
4,neighborhood,hot,665
4,state,hot,665
5,neighborhood,hot,665
5,state,hot,665
6,neighborhood,hot,665
6,state,hot,665
2,state,hot,666
3,state,hot,666
4,neighborhood,hot,666
4,state,hot,666
5,neighborhood,hot,666
5,state,hot,666
6,neighborhood,hot,666
6,state,hot,666
4,state,cold,667
5,neighborhood,hot,667
5,state,cold,667
6,neighborhood,hot,667
6,state,cold,667
6,neighborhood,hot,668
2,state,hot,669
3,state,hot,669
4,state,hot,669
5,state,hot,669
6,state,hot,669
2,neighborhood,cold,670
3,neighborhood,cold,670
4,neighborhood,cold,670
4,state,hot,670
5,neighborhood,hot,670
5,state,hot,670
6,neighborhood,hot,670
6,state,hot,670
4,neighborhood,hot,671
4,state,cold,671
5,neighborhood,hot,671
5,state,cold,671
6,neighborhood,hot,671
6,state,cold,671
2,neighborhood,cold,672
3,neighborhood,hot,672
3,state,hot,672
4,neighborhood,hot,672
4,state,hot,672
5,neighborhood,hot,672
5,state,hot,672
6,neighborhood,hot,672
6,state,cold,672
2,state,cold,673
3,state,hot,673
4,neighborhood,cold,673
4,state,hot,673
5,neighborhood,cold,673
5,state,hot,673
6,neighborhood,cold,673
6,state,hot,673
6,neighborhood,cold,674
6,state,cold,674
5,state,hot,675
6,state,hot,675
2,neighborhood,hot,677
3,neighborhood,hot,677
3,state,hot,677
4,neighborhood,hot,677
4,state,hot,677
5,neighborhood,hot,677
5,state,hot,677
6,neighborhood,hot,677
6,state,hot,677
3,neighborhood,cold,678
3,state,cold,678
4,neighborhood,cold,678
4,state,cold,678
5,neighborhood,cold,678
5,state,cold,678
6,neighborhood,cold,678
6,state,cold,678
3,neighborhood,hot,679
3,state,hot,679
4,neighborhood,hot,679
4,state,hot,679
5,neighborhood,hot,679
5,state,hot,679
6,neighborhood,hot,679
6,state,hot,679
2,state,cold,680
3,state,cold,680
4,state,cold,680
5,state,cold,680
6,state,cold,680
3,state,hot,681
4,state,hot,681
5,state,cold,681
6,state,cold,681
3,state,cold,682
4,state,cold,682
5,state,cold,682
6,state,cold,682
2,neighborhood,hot,683
2,state,hot,683
3,neighborhood,hot,683
3,state,hot,683
4,neighborhood,hot,683
4,state,hot,683
5,neighborhood,hot,683
5,state,hot,683
6,neighborhood,hot,683
6,state,hot,683
2,state,hot,684
3,state,hot,684
4,state,hot,684
5,state,hot,684
6,state,hot,684
2,state,hot,685
3,state,hot,685
4,state,hot,685
5,state,hot,685
6,state,hot,685
2,neighborhood,cold,686
2,state,cold,686
3,neighborhood,hot,686
3,state,hot,686
4,neighborhood,hot,686
4,state,hot,686
5,neighborhood,hot,686
5,state,hot,686
6,neighborhood,hot,686
6,state,hot,686
2,state,hot,687
3,state,hot,687
4,state,hot,687
5,state,hot,687
6,state,hot,687
3,state,cold,688
4,state,cold,688
5,state,cold,688
6,state,cold,688
2,state,hot,689
3,state,hot,689
4,state,hot,689
5,state,hot,689
6,state,hot,689
2,state,cold,690
3,state,cold,690
4,state,cold,690
5,state,cold,690
6,state,cold,690
2,neighborhood,cold,691
3,neighborhood,hot,691
3,state,cold,691
4,neighborhood,cold,691
4,state,cold,691
5,neighborhood,cold,691
5,state,cold,691
6,neighborhood,cold,691
6,state,cold,691
3,neighborhood,cold,692
3,state,cold,692
4,neighborhood,cold,692
4,state,cold,692
5,neighborhood,cold,692
5,state,cold,692
6,neighborhood,cold,692
6,state,cold,692
6,state,cold,693
3,state,cold,694
4,state,cold,694
5,state,cold,694
6,neighborhood,hot,694
6,state,cold,694
3,state,hot,695
4,state,hot,695
5,state,hot,695
6,state,hot,695
2,state,hot,696
3,state,hot,696
4,state,hot,696
5,neighborhood,cold,696
5,state,hot,696
6,neighborhood,cold,696
6,state,hot,696
2,state,hot,697
3,state,cold,697
4,state,cold,697
5,neighborhood,cold,697
5,state,cold,697
6,neighborhood,cold,697
6,state,cold,697
2,state,hot,698
3,state,hot,698
4,state,hot,698
5,state,hot,698
6,state,hot,698
2,neighborhood,hot,699
2,state,hot,699
3,neighborhood,hot,699
3,state,hot,699
4,neighborhood,hot,699
4,state,hot,699
5,neighborhood,hot,699
5,state,hot,699
6,neighborhood,hot,699
6,state,hot,699
2,state,cold,700
3,neighborhood,cold,700
3,state,hot,700
4,neighborhood,cold,700
4,state,cold,700
5,neighborhood,cold,700
5,state,hot,700
6,neighborhood,cold,700
6,state,cold,700
2,state,hot,701
3,state,hot,701
4,state,hot,701
5,state,hot,701
6,state,hot,701
2,neighborhood,hot,702
2,state,hot,702
3,neighborhood,hot,702
3,state,hot,702
4,neighborhood,hot,702
4,state,hot,702
5,neighborhood,hot,702
5,state,hot,702
6,neighborhood,hot,702
6,state,hot,702
2,state,cold,703
3,state,cold,703
4,state,hot,703
5,state,hot,703
6,state,hot,703
3,state,hot,704
4,state,hot,704
5,state,hot,704
6,state,hot,704
2,state,hot,705
3,state,cold,705
4,state,cold,705
5,state,hot,705
6,neighborhood,cold,705
6,state,hot,705
2,state,hot,706
3,neighborhood,cold,706
3,state,cold,706
4,neighborhood,cold,706
4,state,cold,706
5,neighborhood,cold,706
5,state,cold,706
6,neighborhood,cold,706
6,state,hot,706
2,state,hot,707
3,state,hot,707
4,state,hot,707
5,neighborhood,hot,707
5,state,hot,707
6,neighborhood,hot,707
6,state,hot,707
2,neighborhood,hot,708
2,state,hot,708
3,neighborhood,hot,708
3,state,hot,708
4,neighborhood,hot,708
4,state,hot,708
5,neighborhood,hot,708
5,state,hot,708
6,neighborhood,hot,708
6,state,hot,708
2,state,cold,709
3,state,cold,709
4,state,cold,709
5,state,cold,709
6,state,cold,709
2,neighborhood,cold,710
2,state,cold,710
3,neighborhood,cold,710
3,state,cold,710
4,neighborhood,cold,710
4,state,cold,710
5,neighborhood,cold,710
5,state,cold,710
6,neighborhood,cold,710
6,state,cold,710
2,neighborhood,cold,711
2,state,cold,711
3,neighborhood,cold,711
3,state,cold,711
4,neighborhood,cold,711
4,state,cold,711
5,neighborhood,cold,711
5,state,cold,711
6,neighborhood,cold,711
6,state,cold,711
2,neighborhood,hot,712
2,state,hot,712
3,neighborhood,hot,712
3,state,hot,712
4,neighborhood,cold,712
4,state,hot,712
5,neighborhood,cold,712
5,state,hot,712
6,neighborhood,cold,712
6,state,hot,712
2,neighborhood,hot,713
2,state,hot,713
3,neighborhood,cold,713
3,state,hot,713
4,neighborhood,hot,713
4,state,hot,713
5,neighborhood,hot,713
5,state,hot,713
6,neighborhood,hot,713
6,state,hot,713
4,state,hot,714
5,state,hot,714
6,state,hot,714
2,state,cold,715
3,state,hot,715
4,state,cold,715
5,state,hot,715
6,state,hot,715
3,state,hot,716
4,state,hot,716
5,state,hot,716
6,state,cold,716
3,state,hot,717
4,state,hot,717
5,state,cold,717
6,state,hot,717
3,state,hot,718
4,state,hot,718
5,state,hot,718
6,state,hot,718
3,neighborhood,hot,719
3,state,hot,719
4,neighborhood,hot,719
4,state,hot,719
5,neighborhood,hot,719
5,state,hot,719
6,neighborhood,hot,719
6,state,hot,719
3,state,hot,720
4,state,hot,720
5,state,hot,720
6,state,hot,720
3,state,hot,721
4,state,hot,721
5,neighborhood,hot,721
5,state,hot,721
6,neighborhood,hot,721
6,state,hot,721
3,state,hot,722
4,state,hot,722
5,state,cold,722
6,state,cold,722
2,state,hot,723
3,neighborhood,cold,723
3,state,hot,723
4,neighborhood,cold,723
4,state,hot,723
5,neighborhood,cold,723
5,state,hot,723
6,neighborhood,cold,723
6,state,hot,723
2,state,hot,724
3,state,hot,724
4,state,hot,724
5,state,hot,724
6,state,hot,724
2,state,hot,725
3,neighborhood,cold,725
3,state,hot,725
4,neighborhood,cold,725
4,state,hot,725
5,neighborhood,cold,725
5,state,hot,725
6,neighborhood,cold,725
6,state,hot,725
2,state,hot,726
3,state,hot,726
4,state,hot,726
5,state,hot,726
6,state,hot,726
3,state,hot,727
4,state,hot,727
5,state,hot,727
6,state,hot,727
